时间,作者,消息
2025-03-08 22:35:56,赵六,客户投诉系统响应太慢
2025-02-22 12:47:56,张三,客户投诉系统响应太慢
2025-03-05 05:20:56,张三,代码质量需要提高
2025-03-18 13:54:56,李四,谁能帮我review一下代码？
2025-02-24 19:43:56,李四,我需要前端团队的支持
2025-02-19 15:30:56,赵六,竞品分析报告已经发到邮箱
2025-02-24 01:44:56,赵六,客户报告了一个严重的bug
2025-03-18 03:02:56,王五,我们需要改进用户体验
2025-03-08 08:14:56,赵六,用户调研结果显示我们需要简化流程
2025-03-18 20:55:56,李四,新的UI设计稿已经完成
2025-02-20 23:46:56,王五,我们需要更好的沟通
2025-02-23 09:59:56,钱七,竞品分析报告已经发到邮箱
2025-03-08 07:02:56,李四,我们需要更好的沟通
2025-03-07 20:21:56,赵六,客户投诉系统响应太慢
2025-03-02 13:05:56,王五,我们需要加快进度，截止日期快到了
2025-03-16 20:10:56,李四,代码质量需要提高
2025-03-04 18:21:56,王五,这个bug很难修复，我需要帮助
2025-02-25 12:40:56,钱七,请大家及时更新任务状态
2025-03-04 05:06:56,赵六,客户投诉系统响应太慢
2025-03-04 10:49:56,钱七,我在实现登录功能时遇到了问题
2025-03-04 15:10:56,李四,我们可能需要延期交付
2025-03-13 18:53:56,赵六,用户调研结果显示我们需要简化流程
2025-02-19 18:05:56,钱七,客户投诉系统响应太慢
2025-03-04 08:59:56,李四,客户希望增加一个新特性
2025-03-16 08:59:56,赵六,用户调研结果显示我们需要简化流程
2025-03-01 03:15:56,钱七,代码质量需要提高
2025-02-19 17:03:56,王五,我们应该使用哪个框架？
2025-03-20 01:16:56,赵六,代码质量需要提高
2025-03-03 09:19:56,王五,我需要前端团队的支持
2025-03-13 08:42:56,王五,竞品分析报告已经发到邮箱
2025-03-13 18:50:56,王五,用户调研结果显示我们需要简化流程
2025-03-07 04:36:56,钱七,我们需要加快进度，截止日期快到了
2025-03-01 18:04:56,赵六,新的UI设计稿已经完成
2025-03-08 14:42:56,王五,我们需要重新考虑产品定位
2025-03-17 05:21:56,钱七,我们需要加快进度，截止日期快到了
2025-03-03 19:04:56,王五,代码质量需要提高
2025-03-17 22:53:56,钱七,客户投诉系统响应太慢
2025-02-23 10:51:56,王五,我找到了一个更好的解决方案
2025-03-06 06:47:56,王五,我们需要加快进度，截止日期快到了
2025-03-09 08:32:56,张三,产品路线图需要更新
2025-03-05 16:39:56,李四,我们需要更好的沟通
2025-02-25 22:07:56,赵六,今天的任务已经完成
2025-02-20 14:41:56,王五,代码质量需要提高
2025-03-03 11:53:56,王五,客户对新功能很满意
2025-03-08 07:08:56,钱七,竞品分析报告已经发到邮箱
2025-03-08 20:19:56,赵六,客户投诉系统响应太慢
2025-03-06 07:09:56,赵六,我们需要改进用户体验
2025-03-07 00:06:56,钱七,竞品分析报告已经发到邮箱
2025-02-23 17:58:56,张三,我在实现数据分析功能时遇到了问题
2025-03-19 12:43:56,赵六,今天的任务已经完成
2025-03-19 19:07:56,赵六,我们应该使用哪个框架？
2025-03-12 17:13:56,王五,客户对新功能很满意
2025-03-04 02:38:56,钱七,客户报告了一个严重的bug
2025-02-27 05:26:56,赵六,新的UI设计稿已经完成
2025-02-20 19:37:56,赵六,下周二开会讨论项目进展
2025-03-18 01:36:56,李四,请大家及时更新任务状态
2025-03-02 05:55:56,钱七,我们需要更好的沟通
2025-03-01 20:46:56,张三,我们的项目进度如何？
2025-03-14 17:41:56,王五,产品路线图需要更新
2025-03-07 05:03:56,赵六,今天的任务已经完成
2025-03-09 06:54:56,钱七,这个bug很难修复，我需要帮助
2025-03-10 16:39:56,李四,我在实现数据分析功能时遇到了问题
2025-03-03 11:18:56,王五,我找到了一个更好的解决方案
2025-03-01 17:58:56,赵六,这个bug很难修复，我需要帮助
2025-03-14 00:27:56,王五,我们可能需要延期交付
2025-02-27 22:56:56,赵六,竞品分析报告已经发到邮箱
2025-03-12 17:07:56,赵六,我找到了一个更好的解决方案
2025-03-14 22:59:56,赵六,用户调研结果显示我们需要简化流程
2025-03-16 01:30:56,赵六,我们的项目进度如何？
2025-03-02 05:45:56,李四,产品路线图需要更新
2025-03-05 22:50:56,钱七,模块1已经完成了61%
2025-02-25 18:23:56,李四,请大家及时更新任务状态
2025-03-07 18:25:56,李四,我找到了一个更好的解决方案
2025-03-04 09:26:56,钱七,下周二开会讨论项目进展
2025-03-19 09:01:56,钱七,我在实现报表功能时遇到了问题
2025-03-03 12:12:56,张三,我们需要加快进度，截止日期快到了
2025-02-23 05:48:56,李四,今天的任务已经完成
2025-02-25 12:08:56,李四,我们需要改进用户体验
2025-03-13 15:27:56,王五,客户希望增加一个新特性
2025-03-02 16:56:56,赵六,下周二开会讨论项目进展
2025-03-19 01:56:56,李四,客户希望增加一个新特性
2025-03-02 20:46:56,钱七,客户投诉系统响应太慢
2025-02-22 00:39:56,王五,新的UI设计稿已经完成
2025-03-08 07:34:56,钱七,我们需要重新考虑产品定位
2025-03-11 15:01:56,李四,谁能帮我review一下代码？
2025-02-21 02:54:56,李四,我们的项目进度如何？
2025-03-13 19:25:56,李四,这个bug很难修复，我需要帮助
2025-03-02 01:06:56,钱七,客户希望增加一个新特性
2025-02-26 01:36:56,钱七,我在实现支付功能时遇到了问题
2025-03-12 11:32:56,钱七,我们应该使用哪个框架？
2025-03-10 23:59:56,张三,下周二开会讨论项目进展
2025-03-15 07:56:56,钱七,我们需要改进用户体验
2025-03-21 05:54:56,张三,代码质量需要提高
2025-03-05 06:58:56,张三,代码质量需要提高
2025-02-22 09:05:56,张三,我们需要加快进度，截止日期快到了
2025-03-01 21:57:56,钱七,产品路线图需要更新
2025-02-25 09:13:56,王五,我需要前端团队的支持
2025-03-06 00:53:56,赵六,竞品分析报告已经发到邮箱
2025-02-25 13:48:56,钱七,代码质量需要提高
2025-03-04 05:11:56,赵六,我们需要加快进度，截止日期快到了
2025-03-13 12:41:56,王五,客户希望增加一个新特性
2025-03-14 02:04:56,张三,我们需要加快进度，截止日期快到了
2025-03-07 06:55:56,李四,我在实现报表功能时遇到了问题
2025-02-24 07:37:56,王五,谁能帮我review一下代码？
2025-02-24 17:12:56,张三,我们需要改进用户体验
2025-03-20 21:59:56,张三,产品路线图需要更新
2025-03-19 22:17:56,李四,请大家及时更新任务状态
2025-03-05 13:23:56,钱七,新的UI设计稿已经完成
2025-03-06 12:32:56,李四,产品路线图需要更新
2025-03-12 14:04:56,张三,我们需要改进用户体验
2025-03-06 05:09:56,王五,产品路线图需要更新
2025-03-09 19:39:56,张三,我们需要重新考虑产品定位
2025-02-23 02:29:56,王五,客户对新功能很满意
2025-03-06 03:01:56,钱七,我需要前端团队的支持
2025-03-05 16:04:56,李四,我需要前端团队的支持
2025-03-07 20:15:56,张三,我需要前端团队的支持
2025-03-11 17:13:56,赵六,用户调研结果显示我们需要简化流程
2025-03-13 01:25:56,王五,产品路线图需要更新
2025-03-11 05:50:56,王五,客户投诉系统响应太慢
2025-03-13 13:13:56,钱七,代码质量需要提高
2025-02-22 20:41:56,赵六,代码质量需要提高
2025-03-16 06:26:56,赵六,我找到了一个更好的解决方案
2025-03-09 20:59:56,张三,我们需要更好的沟通
2025-03-17 01:10:56,钱七,用户调研结果显示我们需要简化流程
2025-03-01 11:10:56,王五,客户投诉系统响应太慢
2025-03-10 14:01:56,钱七,模块1已经完成了72%
2025-03-16 01:33:56,张三,我们可能需要延期交付
2025-03-20 22:12:56,钱七,请大家及时更新任务状态
2025-03-15 18:30:56,李四,我们需要加快进度，截止日期快到了
2025-03-20 02:46:56,王五,竞品分析报告已经发到邮箱
2025-02-27 19:05:56,赵六,客户报告了一个严重的bug
2025-03-16 18:19:56,王五,这个bug很难修复，我需要帮助
2025-03-09 02:01:56,王五,这个bug很难修复，我需要帮助
2025-03-19 03:53:56,王五,客户报告了一个严重的bug
2025-02-23 14:23:56,李四,客户报告了一个严重的bug
2025-02-21 04:39:56,王五,我找到了一个更好的解决方案
2025-03-20 14:59:56,王五,我找到了一个更好的解决方案
2025-02-20 06:38:56,王五,客户报告了一个严重的bug
2025-03-09 22:45:56,赵六,我们的项目进度如何？
2025-03-06 17:22:56,王五,我们需要改进用户体验
2025-02-28 16:26:56,李四,用户调研结果显示我们需要简化流程
2025-03-06 07:19:56,钱七,我找到了一个更好的解决方案
2025-03-11 04:34:56,李四,下周二开会讨论项目进展
2025-03-03 00:47:56,张三,下周二开会讨论项目进展
2025-02-23 12:51:56,张三,产品路线图需要更新
2025-03-17 06:05:56,赵六,用户调研结果显示我们需要简化流程
2025-02-24 14:12:56,钱七,请大家及时更新任务状态
2025-03-04 01:33:56,钱七,代码质量需要提高
2025-03-06 08:43:56,钱七,我们应该使用哪个框架？
2025-02-22 19:36:56,王五,我找到了一个更好的解决方案
2025-03-19 02:56:56,王五,产品路线图需要更新
2025-03-07 02:22:56,李四,客户投诉系统响应太慢
2025-02-25 14:34:56,李四,客户投诉系统响应太慢
2025-03-12 02:43:56,赵六,模块2已经完成了65%
2025-03-07 18:02:56,王五,模块2已经完成了73%
2025-03-20 08:13:56,王五,用户调研结果显示我们需要简化流程
2025-02-22 17:12:56,王五,我们的项目进度如何？
2025-02-22 16:56:56,赵六,竞品分析报告已经发到邮箱
2025-03-13 15:49:56,张三,我们可能需要延期交付
2025-03-19 04:32:56,赵六,我们应该使用哪个框架？
2025-03-01 21:47:56,钱七,用户调研结果显示我们需要简化流程
2025-03-04 15:46:56,王五,产品路线图需要更新
2025-03-03 12:54:56,王五,请大家及时更新任务状态
2025-03-17 11:21:56,王五,我们可能需要延期交付
2025-03-21 09:15:56,钱七,今天的任务已经完成
2025-03-07 15:05:56,钱七,我们需要加快进度，截止日期快到了
2025-02-20 03:51:56,张三,我在实现注册功能时遇到了问题
2025-03-08 17:27:56,赵六,模块4已经完成了52%
2025-03-04 20:37:56,张三,请大家及时更新任务状态
2025-02-23 01:44:56,王五,这个bug很难修复，我需要帮助
2025-03-21 08:42:56,王五,客户对新功能很满意
2025-03-06 08:39:56,王五,用户调研结果显示我们需要简化流程
2025-03-01 19:55:56,钱七,请大家及时更新任务状态
2025-03-05 03:51:56,钱七,我们需要加快进度，截止日期快到了
2025-02-23 10:16:56,王五,客户对新功能很满意
2025-03-21 07:40:56,王五,我在实现支付功能时遇到了问题
2025-03-20 16:26:56,王五,我们需要重新考虑产品定位
2025-02-28 04:50:56,李四,我们需要重新考虑产品定位
2025-03-08 01:44:56,赵六,请大家及时更新任务状态
2025-03-16 22:47:56,李四,我们需要改进用户体验
2025-03-06 11:06:56,李四,客户投诉系统响应太慢
2025-02-19 17:25:56,张三,新的UI设计稿已经完成
2025-02-20 09:49:56,李四,客户报告了一个严重的bug
2025-03-20 21:08:56,王五,今天的任务已经完成
2025-03-06 11:42:56,王五,我们需要改进用户体验
2025-03-01 08:05:56,赵六,这个bug很难修复，我需要帮助
2025-03-02 07:57:56,李四,我们应该使用哪个框架？
2025-02-20 05:38:56,李四,这个bug很难修复，我需要帮助
2025-03-03 06:02:56,李四,产品路线图需要更新
2025-02-24 23:06:56,赵六,客户希望增加一个新特性
2025-03-20 22:57:56,张三,客户报告了一个严重的bug
2025-03-15 03:00:56,李四,用户调研结果显示我们需要简化流程
2025-02-27 15:33:56,赵六,我找到了一个更好的解决方案
2025-03-14 10:17:56,王五,竞品分析报告已经发到邮箱
2025-03-21 08:39:56,李四,客户希望增加一个新特性
2025-02-27 07:39:56,李四,客户希望增加一个新特性
2025-03-20 01:11:56,李四,我们需要重新考虑产品定位
2025-03-18 10:08:56,张三,下周二开会讨论项目进展
2025-03-15 15:53:56,钱七,客户希望增加一个新特性
2025-02-23 05:26:56,钱七,客户希望增加一个新特性
2025-02-21 17:12:56,李四,我们需要更好的沟通
2025-03-06 22:39:56,王五,我们的项目进度如何？
2025-03-18 00:11:56,钱七,我在实现数据分析功能时遇到了问题
2025-03-08 16:27:56,钱七,我在实现登录功能时遇到了问题
2025-02-24 15:21:56,李四,客户对新功能很满意
2025-03-15 20:51:56,钱七,这个bug很难修复，我需要帮助
2025-02-25 11:07:56,王五,谁能帮我review一下代码？
2025-03-13 19:15:56,赵六,客户报告了一个严重的bug
2025-02-27 00:24:56,李四,模块1已经完成了65%
2025-03-11 16:11:56,赵六,我们需要改进用户体验
2025-03-12 23:29:56,张三,我们需要重新考虑产品定位
2025-03-14 23:49:56,赵六,我在实现登录功能时遇到了问题
2025-02-24 03:56:56,张三,我们应该使用哪个框架？
2025-03-18 21:53:56,钱七,我需要前端团队的支持
2025-02-24 16:51:56,张三,我们应该使用哪个框架？
2025-03-21 05:47:56,李四,竞品分析报告已经发到邮箱
2025-02-21 18:55:56,李四,谁能帮我review一下代码？
2025-03-07 17:11:56,钱七,我需要前端团队的支持
2025-03-13 03:52:56,张三,客户报告了一个严重的bug
2025-03-18 13:00:56,钱七,我们可能需要延期交付
2025-02-28 13:20:56,赵六,客户对新功能很满意
2025-03-20 13:28:56,李四,我们的项目进度如何？
2025-03-21 06:12:56,钱七,我需要前端团队的支持
2025-02-21 05:12:56,赵六,下周二开会讨论项目进展
2025-03-02 01:47:56,钱七,今天的任务已经完成
2025-02-26 00:19:56,钱七,产品路线图需要更新
2025-02-24 04:01:56,张三,我们应该使用哪个框架？
2025-02-28 12:10:56,钱七,我在实现支付功能时遇到了问题
2025-03-07 23:16:56,赵六,我找到了一个更好的解决方案
2025-03-02 03:53:56,赵六,新的UI设计稿已经完成
2025-03-17 20:16:56,赵六,客户对新功能很满意
2025-02-24 01:23:56,钱七,今天的任务已经完成
2025-03-15 15:14:56,李四,模块1已经完成了94%
2025-03-07 12:24:56,赵六,我需要前端团队的支持
2025-03-11 15:50:56,张三,模块2已经完成了95%
2025-02-26 17:53:56,钱七,请大家及时更新任务状态
2025-03-19 04:07:56,赵六,谁能帮我review一下代码？
2025-03-07 20:57:56,赵六,客户报告了一个严重的bug
2025-03-12 17:13:56,赵六,我需要前端团队的支持
2025-03-16 21:44:56,赵六,客户报告了一个严重的bug
2025-02-24 06:48:56,李四,竞品分析报告已经发到邮箱
2025-03-02 12:40:56,钱七,我需要前端团队的支持
2025-02-28 00:43:56,李四,今天的任务已经完成
2025-02-26 15:49:56,赵六,产品路线图需要更新
2025-02-24 23:21:56,张三,客户希望增加一个新特性
2025-02-22 13:50:56,钱七,客户投诉系统响应太慢
2025-02-22 19:50:56,赵六,请大家及时更新任务状态
2025-02-25 01:08:56,赵六,我们需要改进用户体验
2025-03-20 04:09:56,钱七,新的UI设计稿已经完成
2025-03-09 20:06:56,张三,客户报告了一个严重的bug
2025-03-12 01:05:56,钱七,我们应该使用哪个框架？
2025-03-18 21:50:56,钱七,产品路线图需要更新
2025-03-06 05:15:56,李四,客户希望增加一个新特性
2025-03-10 02:34:56,钱七,客户对新功能很满意
2025-03-09 22:27:56,李四,模块4已经完成了76%
2025-03-06 06:41:56,钱七,客户投诉系统响应太慢
2025-03-19 13:57:56,钱七,下周二开会讨论项目进展
2025-03-09 10:21:56,王五,我们需要重新考虑产品定位
2025-03-16 01:06:56,李四,代码质量需要提高
2025-03-15 04:56:56,钱七,我需要前端团队的支持
2025-03-16 05:42:56,钱七,谁能帮我review一下代码？
2025-02-22 10:02:56,李四,我们可能需要延期交付
2025-03-20 17:25:56,王五,这个bug很难修复，我需要帮助
2025-03-06 10:21:56,钱七,代码质量需要提高
2025-03-09 23:43:56,钱七,模块1已经完成了77%
2025-03-08 02:47:56,王五,我们需要更好的沟通
2025-03-17 23:47:56,王五,我们应该使用哪个框架？
2025-03-05 01:12:56,张三,代码质量需要提高
2025-03-15 17:10:56,王五,用户调研结果显示我们需要简化流程
2025-02-22 04:07:56,赵六,下周二开会讨论项目进展
2025-03-19 12:10:56,钱七,客户希望增加一个新特性
2025-03-17 03:33:56,钱七,我们需要改进用户体验
2025-03-04 09:54:56,赵六,客户对新功能很满意
2025-02-24 04:23:56,王五,新的UI设计稿已经完成
2025-03-02 23:32:56,赵六,我找到了一个更好的解决方案
2025-03-03 13:49:56,李四,我需要前端团队的支持
2025-03-21 03:40:56,赵六,我们需要更好的沟通
2025-03-17 03:18:56,钱七,客户希望增加一个新特性
2025-02-22 21:11:56,赵六,我找到了一个更好的解决方案
2025-03-02 02:53:56,张三,谁能帮我review一下代码？
2025-02-23 06:52:56,钱七,代码质量需要提高
2025-02-21 21:24:56,钱七,客户对新功能很满意
2025-03-15 10:24:56,李四,我们需要改进用户体验
2025-03-06 10:14:56,王五,我们应该使用哪个框架？
2025-02-27 10:03:56,张三,谁能帮我review一下代码？
2025-02-22 10:25:56,王五,下周二开会讨论项目进展
2025-02-23 19:51:56,赵六,这个bug很难修复，我需要帮助
2025-03-19 13:49:56,钱七,这个bug很难修复，我需要帮助
2025-02-23 17:24:56,李四,这个bug很难修复，我需要帮助
2025-03-19 01:49:56,钱七,请大家及时更新任务状态
2025-03-09 22:37:56,王五,我找到了一个更好的解决方案
2025-03-10 11:59:56,李四,客户报告了一个严重的bug
2025-02-24 10:57:56,李四,我们需要加快进度，截止日期快到了
2025-02-27 02:39:56,张三,谁能帮我review一下代码？
2025-03-05 09:34:56,张三,下周二开会讨论项目进展
2025-03-07 03:36:56,王五,客户投诉系统响应太慢
2025-03-14 09:47:56,赵六,今天的任务已经完成
2025-02-23 18:37:56,张三,客户希望增加一个新特性
2025-03-01 10:24:56,王五,我们应该使用哪个框架？
2025-03-08 19:47:56,李四,我们的项目进度如何？
2025-03-08 11:44:56,张三,我们的项目进度如何？
2025-03-03 04:29:56,钱七,用户调研结果显示我们需要简化流程
2025-02-19 14:57:56,李四,我找到了一个更好的解决方案
2025-02-20 11:28:56,钱七,客户对新功能很满意
2025-03-06 01:20:56,王五,我们需要更好的沟通
2025-03-03 05:08:56,赵六,模块3已经完成了71%
2025-03-06 04:49:56,赵六,我们需要更好的沟通
2025-03-07 12:39:56,王五,客户希望增加一个新特性
2025-02-28 14:40:56,李四,我们应该使用哪个框架？
2025-03-14 21:39:56,李四,客户希望增加一个新特性
2025-03-15 00:22:56,李四,代码质量需要提高
2025-03-09 14:22:56,钱七,客户报告了一个严重的bug
2025-03-05 03:16:56,李四,客户投诉系统响应太慢
2025-03-16 13:22:56,赵六,客户希望增加一个新特性
2025-03-07 20:26:56,钱七,模块3已经完成了94%
2025-02-20 02:21:56,王五,下周二开会讨论项目进展
2025-03-13 04:53:56,李四,我们可能需要延期交付
2025-03-09 06:59:56,李四,我们的项目进度如何？
2025-03-18 04:49:56,张三,这个bug很难修复，我需要帮助
2025-03-06 21:14:56,李四,谁能帮我review一下代码？
2025-02-23 14:21:56,钱七,我们需要加快进度，截止日期快到了
2025-03-18 23:50:56,李四,代码质量需要提高
2025-03-18 02:35:56,张三,我们的项目进度如何？
2025-03-04 21:57:56,张三,模块4已经完成了61%
2025-02-26 09:57:56,钱七,产品路线图需要更新
2025-03-16 19:17:56,钱七,我们需要重新考虑产品定位
2025-02-23 09:38:56,钱七,我们应该使用哪个框架？
2025-02-28 21:10:56,王五,客户报告了一个严重的bug
2025-03-10 00:20:56,赵六,竞品分析报告已经发到邮箱
2025-03-15 02:14:56,赵六,客户报告了一个严重的bug
2025-03-21 02:51:56,钱七,客户报告了一个严重的bug
2025-03-14 15:15:56,钱七,代码质量需要提高
2025-03-17 11:51:56,赵六,这个bug很难修复，我需要帮助
2025-03-03 19:17:56,赵六,我们的项目进度如何？
2025-02-22 20:41:56,赵六,我们需要更好的沟通
2025-03-20 16:21:56,赵六,我们可能需要延期交付
2025-03-19 01:19:56,张三,客户投诉系统响应太慢
2025-02-22 02:06:56,王五,客户对新功能很满意
2025-02-20 22:09:56,赵六,我们需要改进用户体验
2025-03-05 17:16:56,王五,我们的项目进度如何？
2025-03-09 02:57:56,赵六,我们可能需要延期交付
2025-03-07 10:07:56,张三,客户对新功能很满意
2025-03-04 00:57:56,赵六,我找到了一个更好的解决方案
2025-03-05 22:45:56,钱七,我们需要改进用户体验
2025-03-06 09:47:56,王五,谁能帮我review一下代码？
2025-02-27 21:28:56,李四,代码质量需要提高
2025-02-22 09:37:56,张三,客户投诉系统响应太慢
2025-02-25 14:55:56,钱七,谁能帮我review一下代码？
2025-03-08 16:01:56,张三,我们应该使用哪个框架？
2025-03-07 04:53:56,张三,我们需要更好的沟通
2025-03-15 12:38:56,李四,用户调研结果显示我们需要简化流程
2025-02-20 03:19:56,李四,我找到了一个更好的解决方案
2025-02-25 21:38:56,张三,我们需要改进用户体验
2025-03-14 05:14:56,张三,这个bug很难修复，我需要帮助
2025-03-09 00:21:56,赵六,客户报告了一个严重的bug
2025-03-21 01:35:56,钱七,产品路线图需要更新
2025-03-17 10:50:56,王五,客户对新功能很满意
2025-03-16 19:38:56,李四,今天的任务已经完成
2025-02-20 00:33:56,张三,我们需要加快进度，截止日期快到了
2025-03-04 17:50:56,李四,我在实现注册功能时遇到了问题
2025-03-15 01:45:56,李四,产品路线图需要更新
2025-03-11 18:46:56,王五,我需要前端团队的支持
2025-02-22 16:51:56,张三,我找到了一个更好的解决方案
2025-03-16 14:43:56,张三,我们应该使用哪个框架？
2025-03-04 05:23:56,钱七,下周二开会讨论项目进展
2025-03-11 14:54:56,钱七,新的UI设计稿已经完成
2025-03-18 05:34:56,王五,客户报告了一个严重的bug
2025-03-13 00:53:56,李四,今天的任务已经完成
2025-03-09 06:37:56,李四,客户希望增加一个新特性
2025-03-09 20:19:56,张三,我们的项目进度如何？
2025-03-01 01:54:56,张三,客户希望增加一个新特性
2025-03-01 20:25:56,张三,客户对新功能很满意
2025-02-19 20:13:56,张三,我们可能需要延期交付
2025-03-14 12:26:56,李四,我们需要重新考虑产品定位
2025-02-27 21:31:56,张三,请大家及时更新任务状态
2025-03-12 16:33:56,李四,我们需要改进用户体验
2025-03-20 02:04:56,钱七,我们需要改进用户体验
2025-03-18 08:54:56,王五,产品路线图需要更新
2025-02-26 02:18:56,赵六,今天的任务已经完成
2025-02-26 09:22:56,王五,今天的任务已经完成
2025-03-18 01:36:56,张三,新的UI设计稿已经完成
2025-03-20 16:13:56,张三,我们的项目进度如何？
2025-03-02 23:31:56,王五,竞品分析报告已经发到邮箱
2025-03-03 11:53:56,赵六,客户希望增加一个新特性
2025-03-16 22:43:56,赵六,我们可能需要延期交付
2025-03-13 11:12:56,张三,客户报告了一个严重的bug
2025-02-27 19:02:56,张三,产品路线图需要更新
2025-02-22 23:02:56,张三,竞品分析报告已经发到邮箱
2025-03-11 01:37:56,张三,客户希望增加一个新特性
2025-03-09 05:00:56,赵六,谁能帮我review一下代码？
2025-03-19 03:14:56,赵六,模块2已经完成了69%
2025-03-12 03:12:56,张三,竞品分析报告已经发到邮箱
2025-03-15 00:52:56,钱七,我们应该使用哪个框架？
2025-03-07 06:00:56,张三,代码质量需要提高
2025-02-22 21:10:56,王五,我需要前端团队的支持
2025-03-02 19:20:56,赵六,我们需要加快进度，截止日期快到了
2025-02-21 13:51:56,王五,我们需要重新考虑产品定位
2025-03-10 23:17:56,赵六,代码质量需要提高
2025-02-21 03:24:56,张三,用户调研结果显示我们需要简化流程
2025-03-15 14:41:56,李四,新的UI设计稿已经完成
2025-03-11 19:13:56,张三,客户对新功能很满意
2025-02-19 11:38:56,钱七,下周二开会讨论项目进展
2025-03-13 12:28:56,钱七,我们需要加快进度，截止日期快到了
2025-03-08 12:51:56,钱七,我们的项目进度如何？
2025-03-16 22:55:56,赵六,代码质量需要提高
2025-02-22 11:20:56,钱七,客户报告了一个严重的bug
2025-02-21 15:03:56,张三,这个bug很难修复，我需要帮助
2025-03-11 12:15:56,王五,我在实现数据分析功能时遇到了问题
2025-03-20 01:25:56,李四,客户投诉系统响应太慢
2025-03-03 05:59:56,张三,客户报告了一个严重的bug
2025-03-18 11:28:56,赵六,客户对新功能很满意
2025-02-26 07:32:56,张三,客户对新功能很满意
2025-03-16 04:30:56,李四,客户投诉系统响应太慢
2025-03-13 05:28:56,李四,客户报告了一个严重的bug
2025-03-11 15:13:56,钱七,竞品分析报告已经发到邮箱
2025-02-19 15:49:56,李四,我们需要重新考虑产品定位
2025-02-19 12:10:56,王五,谁能帮我review一下代码？
2025-03-06 07:31:56,钱七,我们需要加快进度，截止日期快到了
2025-03-05 15:19:56,张三,今天的任务已经完成
2025-03-08 00:27:56,钱七,产品路线图需要更新
2025-03-05 20:34:56,王五,产品路线图需要更新
2025-03-15 05:42:56,李四,竞品分析报告已经发到邮箱
2025-03-14 06:08:56,赵六,我们应该使用哪个框架？
2025-02-21 14:19:56,王五,客户对新功能很满意
2025-03-08 02:41:56,张三,客户投诉系统响应太慢
2025-02-26 06:33:56,钱七,代码质量需要提高
2025-02-21 02:33:56,张三,我在实现报表功能时遇到了问题
2025-02-24 17:41:56,赵六,我们应该使用哪个框架？
2025-02-25 13:47:56,钱七,客户投诉系统响应太慢
2025-02-22 13:41:56,张三,代码质量需要提高
2025-02-25 15:54:56,钱七,我们需要更好的沟通
2025-02-20 15:13:56,钱七,谁能帮我review一下代码？
2025-03-12 07:07:56,李四,我们需要加快进度，截止日期快到了
2025-03-16 09:32:56,钱七,产品路线图需要更新
2025-03-16 21:02:56,李四,竞品分析报告已经发到邮箱
2025-03-14 01:05:56,张三,我们的项目进度如何？
2025-03-13 21:31:56,钱七,今天的任务已经完成
2025-03-04 19:41:56,张三,客户报告了一个严重的bug
2025-02-19 22:50:56,王五,谁能帮我review一下代码？
2025-03-03 07:02:56,钱七,客户希望增加一个新特性
2025-03-09 02:25:56,张三,竞品分析报告已经发到邮箱
2025-03-12 10:22:56,张三,请大家及时更新任务状态
2025-03-03 17:18:56,张三,用户调研结果显示我们需要简化流程
2025-02-19 17:26:56,王五,下周二开会讨论项目进展
2025-03-05 18:55:56,王五,我们应该使用哪个框架？
2025-03-08 11:33:56,张三,下周二开会讨论项目进展
2025-03-17 14:46:56,张三,我在实现支付功能时遇到了问题
2025-03-04 21:17:56,钱七,产品路线图需要更新
2025-03-20 15:16:56,张三,下周二开会讨论项目进展
2025-02-24 17:34:56,张三,这个bug很难修复，我需要帮助
2025-02-19 21:16:56,赵六,客户对新功能很满意
2025-03-10 00:32:56,王五,我们可能需要延期交付
2025-03-11 13:22:56,赵六,我们需要改进用户体验
2025-03-13 07:57:56,赵六,下周二开会讨论项目进展
2025-03-01 08:05:56,王五,客户投诉系统响应太慢
2025-02-24 00:11:56,赵六,我们需要更好的沟通
2025-03-02 14:01:56,李四,下周二开会讨论项目进展
2025-02-25 03:43:56,张三,我们的项目进度如何？
2025-03-01 03:32:56,张三,谁能帮我review一下代码？
2025-02-24 06:51:56,赵六,谁能帮我review一下代码？
2025-03-15 13:13:56,钱七,竞品分析报告已经发到邮箱
2025-03-07 23:45:56,李四,我们需要更好的沟通
2025-03-10 13:05:56,李四,客户对新功能很满意
2025-03-11 15:01:56,赵六,产品路线图需要更新
2025-02-21 12:10:56,李四,模块2已经完成了76%
2025-03-01 02:15:56,李四,产品路线图需要更新
2025-03-16 07:35:56,钱七,竞品分析报告已经发到邮箱
2025-03-15 21:14:56,张三,谁能帮我review一下代码？
2025-03-07 07:23:56,钱七,我们需要改进用户体验
2025-02-28 02:16:56,张三,用户调研结果显示我们需要简化流程
2025-03-04 14:05:56,王五,我们需要重新考虑产品定位
2025-02-26 15:31:56,赵六,模块4已经完成了86%
2025-02-24 16:54:56,王五,客户投诉系统响应太慢
2025-02-28 10:31:56,王五,这个bug很难修复，我需要帮助
2025-02-19 19:44:56,钱七,新的UI设计稿已经完成
2025-03-01 18:58:56,王五,我需要前端团队的支持
2025-02-23 11:23:56,钱七,代码质量需要提高
2025-03-10 00:47:56,张三,产品路线图需要更新
2025-03-01 05:09:56,张三,客户对新功能很满意
2025-03-06 08:45:56,钱七,模块2已经完成了51%
2025-03-19 19:01:56,王五,请大家及时更新任务状态
2025-03-02 14:07:56,张三,用户调研结果显示我们需要简化流程
2025-03-19 23:31:56,赵六,我们应该使用哪个框架？
2025-03-07 07:09:56,钱七,我需要前端团队的支持
2025-03-11 02:09:56,李四,客户对新功能很满意
2025-03-18 21:20:56,钱七,我们需要改进用户体验
2025-03-21 08:12:56,赵六,我在实现数据分析功能时遇到了问题
2025-02-27 14:16:56,李四,我需要前端团队的支持
2025-03-02 23:10:56,张三,客户报告了一个严重的bug
2025-02-21 15:05:56,钱七,我们应该使用哪个框架？
2025-03-07 20:29:56,王五,这个bug很难修复，我需要帮助
2025-02-23 04:24:56,王五,竞品分析报告已经发到邮箱
2025-03-03 13:56:56,王五,竞品分析报告已经发到邮箱
2025-03-19 04:47:56,李四,我们可能需要延期交付
2025-02-21 03:12:56,张三,我们需要重新考虑产品定位
2025-03-12 09:38:56,赵六,我们需要更好的沟通
2025-02-21 20:47:56,王五,客户希望增加一个新特性
2025-02-21 11:10:56,王五,谁能帮我review一下代码？
2025-03-10 14:03:56,王五,我们需要重新考虑产品定位
2025-02-27 16:38:56,李四,模块2已经完成了76%
2025-03-09 12:32:56,钱七,客户报告了一个严重的bug
2025-03-10 13:31:56,李四,下周二开会讨论项目进展
2025-03-06 20:04:56,张三,我需要前端团队的支持
2025-03-10 20:42:56,赵六,模块5已经完成了76%
2025-03-08 11:38:56,李四,我在实现报表功能时遇到了问题
2025-03-05 02:00:56,李四,模块3已经完成了50%
2025-03-19 06:41:56,钱七,今天的任务已经完成
2025-02-20 14:23:56,张三,竞品分析报告已经发到邮箱
2025-03-08 08:40:56,钱七,我们需要改进用户体验
2025-02-24 01:45:56,李四,代码质量需要提高
2025-03-10 19:50:56,赵六,客户报告了一个严重的bug
2025-03-15 19:24:56,张三,我在实现登录功能时遇到了问题
2025-02-27 06:37:56,张三,代码质量需要提高
2025-03-08 16:43:56,李四,我们需要加快进度，截止日期快到了
2025-03-02 15:51:56,张三,我们应该使用哪个框架？
2025-03-02 12:58:56,钱七,竞品分析报告已经发到邮箱
2025-03-09 15:42:56,李四,我们可能需要延期交付
2025-03-12 04:12:56,李四,我们需要重新考虑产品定位
2025-03-08 10:41:56,赵六,我们需要加快进度，截止日期快到了
2025-02-21 15:20:56,王五,我需要前端团队的支持
2025-03-20 03:40:56,李四,我们的项目进度如何？
2025-03-07 17:28:56,王五,请大家及时更新任务状态
2025-03-11 19:24:56,钱七,今天的任务已经完成
2025-03-08 02:54:56,张三,客户对新功能很满意
2025-03-18 02:47:56,张三,新的UI设计稿已经完成
2025-02-21 08:55:56,赵六,我们可能需要延期交付
2025-03-14 09:44:56,王五,我们需要改进用户体验
2025-03-02 07:32:56,张三,我们需要重新考虑产品定位
2025-02-25 10:19:56,钱七,客户报告了一个严重的bug
2025-02-26 02:59:56,王五,请大家及时更新任务状态
2025-03-07 09:53:56,钱七,客户对新功能很满意
2025-03-04 09:50:56,张三,竞品分析报告已经发到邮箱
2025-02-26 21:02:56,李四,我找到了一个更好的解决方案
2025-03-04 10:44:56,赵六,我们需要加快进度，截止日期快到了
2025-03-16 22:29:56,李四,我们应该使用哪个框架？
2025-02-20 15:38:56,赵六,客户希望增加一个新特性
2025-03-15 06:18:56,王五,用户调研结果显示我们需要简化流程
2025-03-10 23:16:56,张三,客户报告了一个严重的bug
2025-03-02 14:41:56,钱七,我需要前端团队的支持
2025-03-15 12:46:56,王五,竞品分析报告已经发到邮箱
2025-03-15 02:24:56,王五,我需要前端团队的支持
2025-03-04 02:59:56,钱七,我们可能需要延期交付
2025-02-22 16:40:56,王五,下周二开会讨论项目进展
2025-03-18 07:55:56,王五,客户报告了一个严重的bug
2025-03-15 15:54:56,王五,这个bug很难修复，我需要帮助
2025-02-26 17:18:56,李四,下周二开会讨论项目进展
2025-03-12 08:29:56,钱七,新的UI设计稿已经完成
2025-02-27 14:49:56,张三,请大家及时更新任务状态
2025-03-05 13:37:56,钱七,请大家及时更新任务状态
2025-03-17 10:35:56,钱七,我们需要改进用户体验
2025-03-17 15:35:56,张三,客户对新功能很满意
2025-03-16 15:32:56,张三,我们需要加快进度，截止日期快到了
2025-03-18 13:32:56,李四,客户报告了一个严重的bug
2025-02-21 02:20:56,钱七,客户投诉系统响应太慢
2025-03-10 02:47:56,赵六,新的UI设计稿已经完成
2025-02-25 19:54:56,钱七,今天的任务已经完成
2025-03-03 01:55:56,张三,请大家及时更新任务状态
2025-03-05 09:27:56,李四,今天的任务已经完成
2025-03-18 14:07:56,赵六,我们应该使用哪个框架？
2025-03-12 22:49:56,王五,代码质量需要提高
2025-02-28 08:10:56,李四,这个bug很难修复，我需要帮助
2025-03-11 12:44:56,王五,我们的项目进度如何？
2025-02-21 22:35:56,王五,客户希望增加一个新特性
2025-03-15 10:48:56,张三,客户希望增加一个新特性
2025-03-03 22:16:56,李四,请大家及时更新任务状态
2025-02-23 15:39:56,赵六,客户报告了一个严重的bug
2025-03-09 15:08:56,赵六,我们的项目进度如何？
2025-03-07 22:51:56,王五,模块4已经完成了82%
2025-02-26 08:53:56,王五,模块4已经完成了57%
2025-03-18 16:38:56,钱七,这个bug很难修复，我需要帮助
2025-03-05 23:39:56,钱七,客户报告了一个严重的bug
2025-03-07 12:21:56,钱七,我们应该使用哪个框架？
2025-03-13 10:12:56,赵六,请大家及时更新任务状态
2025-02-23 22:26:56,赵六,我找到了一个更好的解决方案
2025-02-20 02:22:56,赵六,我需要前端团队的支持
2025-02-20 07:19:56,钱七,这个bug很难修复，我需要帮助
2025-03-08 12:04:56,钱七,下周二开会讨论项目进展
2025-02-26 21:19:56,张三,产品路线图需要更新
2025-03-01 12:53:56,张三,客户报告了一个严重的bug
2025-03-03 21:14:56,钱七,请大家及时更新任务状态
2025-03-14 09:04:56,王五,我在实现支付功能时遇到了问题
2025-03-05 09:30:56,赵六,我找到了一个更好的解决方案
2025-03-05 15:19:56,钱七,模块2已经完成了53%
2025-02-23 02:54:56,赵六,模块1已经完成了80%
2025-03-21 10:35:56,赵六,模块2已经完成了60%
2025-03-12 09:56:56,钱七,竞品分析报告已经发到邮箱
2025-03-11 09:13:56,张三,客户投诉系统响应太慢
2025-02-28 00:57:56,王五,我们需要加快进度，截止日期快到了
2025-03-20 05:01:56,王五,我们可能需要延期交付
2025-03-14 15:59:56,钱七,新的UI设计稿已经完成
2025-03-17 11:24:56,张三,我们需要更好的沟通
2025-03-20 09:17:56,李四,我们的项目进度如何？
2025-03-12 22:31:56,张三,我们需要重新考虑产品定位
2025-03-12 10:06:56,钱七,我们需要改进用户体验
2025-03-16 10:34:56,钱七,我们需要加快进度，截止日期快到了
2025-03-14 13:30:56,李四,今天的任务已经完成
2025-02-28 18:30:56,李四,客户希望增加一个新特性
2025-03-15 06:23:56,钱七,客户投诉系统响应太慢
2025-02-19 23:42:56,张三,我在实现支付功能时遇到了问题
2025-02-23 10:15:56,王五,我们的项目进度如何？
2025-02-24 21:17:56,赵六,我们应该使用哪个框架？
2025-03-08 21:07:56,李四,客户对新功能很满意
2025-03-20 20:29:56,赵六,代码质量需要提高
2025-03-09 15:01:56,李四,我们需要加快进度，截止日期快到了
2025-02-20 15:46:56,钱七,我找到了一个更好的解决方案
2025-03-19 19:18:56,钱七,竞品分析报告已经发到邮箱
2025-03-02 03:43:56,李四,竞品分析报告已经发到邮箱
2025-03-21 02:49:56,张三,请大家及时更新任务状态
2025-02-27 11:22:56,赵六,用户调研结果显示我们需要简化流程
2025-03-04 00:15:56,钱七,我找到了一个更好的解决方案
2025-03-17 16:40:56,李四,这个bug很难修复，我需要帮助
2025-03-13 00:55:56,王五,产品路线图需要更新
2025-03-14 14:20:56,王五,我们应该使用哪个框架？
2025-03-14 13:07:56,张三,今天的任务已经完成
2025-03-04 05:14:56,张三,竞品分析报告已经发到邮箱
2025-03-05 04:42:56,王五,我需要前端团队的支持
2025-03-16 03:44:56,李四,我们需要更好的沟通
2025-03-07 23:46:56,张三,产品路线图需要更新
2025-03-02 00:52:56,王五,我们需要加快进度，截止日期快到了
2025-03-16 21:51:56,钱七,我们应该使用哪个框架？
2025-02-25 17:05:56,王五,我们需要更好的沟通
2025-02-20 22:22:56,李四,谁能帮我review一下代码？
2025-03-19 06:59:56,张三,请大家及时更新任务状态
2025-03-02 02:38:56,赵六,谁能帮我review一下代码？
2025-02-22 22:42:56,钱七,新的UI设计稿已经完成
2025-03-09 19:02:56,李四,谁能帮我review一下代码？
2025-03-05 04:56:56,赵六,客户报告了一个严重的bug
2025-03-17 01:57:56,钱七,我们的项目进度如何？
2025-02-28 04:57:56,李四,客户对新功能很满意
2025-02-26 07:03:56,钱七,代码质量需要提高
2025-03-21 00:56:56,王五,客户报告了一个严重的bug
2025-03-20 16:20:56,钱七,产品路线图需要更新
2025-02-21 23:38:56,李四,客户对新功能很满意
2025-03-09 15:24:56,张三,产品路线图需要更新
2025-03-14 16:29:56,李四,客户报告了一个严重的bug
2025-03-15 02:46:56,王五,客户对新功能很满意
2025-03-06 01:39:56,李四,我们需要重新考虑产品定位
2025-03-01 03:08:56,赵六,我们需要改进用户体验
2025-03-14 17:06:56,李四,新的UI设计稿已经完成
2025-03-11 11:37:56,张三,我们需要改进用户体验
2025-03-02 00:19:56,钱七,我们的项目进度如何？
2025-03-11 13:27:56,王五,客户报告了一个严重的bug
2025-03-18 18:47:56,李四,产品路线图需要更新
2025-02-28 21:02:56,赵六,我们可能需要延期交付
2025-03-08 07:34:56,王五,竞品分析报告已经发到邮箱
2025-02-19 11:57:56,王五,代码质量需要提高
2025-03-14 10:25:56,赵六,我需要前端团队的支持
2025-02-21 18:44:56,李四,用户调研结果显示我们需要简化流程
2025-03-20 02:46:56,王五,今天的任务已经完成
2025-02-26 23:38:56,钱七,我找到了一个更好的解决方案
2025-02-23 19:48:56,李四,产品路线图需要更新
2025-02-21 12:12:56,王五,今天的任务已经完成
2025-03-03 11:16:56,李四,我们应该使用哪个框架？
2025-03-15 03:12:56,王五,我们需要加快进度，截止日期快到了
2025-03-18 12:57:56,赵六,我在实现报表功能时遇到了问题
2025-02-24 06:25:56,张三,我们需要更好的沟通
2025-02-20 08:00:56,赵六,我们需要更好的沟通
2025-03-02 14:13:56,钱七,我们的项目进度如何？
2025-02-20 13:07:56,张三,我们的项目进度如何？
2025-02-19 21:49:56,钱七,这个bug很难修复，我需要帮助
2025-03-13 16:43:56,王五,这个bug很难修复，我需要帮助
2025-02-24 13:34:56,王五,我们的项目进度如何？
2025-03-18 16:06:56,王五,我们需要更好的沟通
2025-02-21 01:16:56,钱七,请大家及时更新任务状态
2025-03-10 16:05:56,钱七,模块2已经完成了72%
2025-03-18 15:30:56,赵六,我需要前端团队的支持
2025-02-20 04:45:56,赵六,我们应该使用哪个框架？
2025-02-21 16:31:56,赵六,新的UI设计稿已经完成
2025-03-11 11:31:56,李四,客户对新功能很满意
2025-02-20 01:37:56,赵六,竞品分析报告已经发到邮箱
2025-02-26 11:47:56,王五,我们需要加快进度，截止日期快到了
2025-03-18 17:40:56,赵六,我们需要加快进度，截止日期快到了
2025-02-19 22:27:56,张三,产品路线图需要更新
2025-03-17 01:56:56,李四,模块4已经完成了81%
2025-03-09 23:52:56,王五,用户调研结果显示我们需要简化流程
2025-03-10 01:19:56,赵六,这个bug很难修复，我需要帮助
2025-03-08 17:52:56,钱七,产品路线图需要更新
2025-03-09 02:20:56,张三,模块3已经完成了94%
2025-03-16 03:19:56,钱七,模块5已经完成了72%
2025-02-27 02:14:56,李四,竞品分析报告已经发到邮箱
2025-03-09 11:53:56,钱七,这个bug很难修复，我需要帮助
2025-03-05 00:11:56,王五,我们需要改进用户体验
2025-02-26 00:12:56,张三,我们需要加快进度，截止日期快到了
2025-02-22 11:55:56,钱七,代码质量需要提高
2025-03-01 12:21:56,王五,这个bug很难修复，我需要帮助
2025-02-21 04:36:56,王五,我们需要加快进度，截止日期快到了
2025-03-19 05:32:56,张三,新的UI设计稿已经完成
2025-03-19 10:25:56,赵六,用户调研结果显示我们需要简化流程
2025-03-03 14:15:56,张三,我找到了一个更好的解决方案
2025-02-26 07:12:56,张三,我们需要加快进度，截止日期快到了
2025-02-25 03:16:56,李四,产品路线图需要更新
2025-02-24 23:27:56,李四,客户投诉系统响应太慢
2025-03-02 16:44:56,李四,用户调研结果显示我们需要简化流程
2025-02-25 06:15:56,王五,今天的任务已经完成
2025-03-14 07:40:56,钱七,我们需要更好的沟通
2025-03-13 14:09:56,李四,谁能帮我review一下代码？
2025-02-20 03:52:56,张三,这个bug很难修复，我需要帮助
2025-03-21 02:12:56,李四,我们的项目进度如何？
2025-03-08 15:02:56,钱七,我们的项目进度如何？
2025-02-24 20:44:56,李四,我找到了一个更好的解决方案
2025-02-26 15:00:56,张三,下周二开会讨论项目进展
2025-03-10 14:17:56,钱七,客户对新功能很满意
2025-03-02 11:26:56,张三,我们的项目进度如何？
2025-03-15 17:44:56,张三,产品路线图需要更新
2025-03-19 03:28:56,张三,新的UI设计稿已经完成
2025-02-22 00:28:56,钱七,我在实现报表功能时遇到了问题
2025-03-17 14:21:56,李四,这个bug很难修复，我需要帮助
2025-03-08 01:36:56,赵六,竞品分析报告已经发到邮箱
2025-02-28 06:41:56,赵六,我们应该使用哪个框架？
2025-03-11 23:54:56,李四,我们需要改进用户体验
2025-03-13 08:25:56,钱七,我找到了一个更好的解决方案
2025-02-27 23:15:56,赵六,下周二开会讨论项目进展
2025-03-19 04:33:56,赵六,客户希望增加一个新特性
2025-02-21 18:22:56,钱七,客户对新功能很满意
2025-03-14 23:54:56,钱七,我在实现登录功能时遇到了问题
2025-02-20 22:08:56,张三,我们需要重新考虑产品定位
2025-02-23 21:09:56,赵六,客户报告了一个严重的bug
2025-03-14 19:40:56,王五,客户报告了一个严重的bug
2025-03-16 12:52:56,李四,我们应该使用哪个框架？
2025-03-21 10:29:56,张三,客户报告了一个严重的bug
2025-03-16 17:58:56,钱七,客户投诉系统响应太慢
2025-03-02 00:27:56,李四,我们需要重新考虑产品定位
2025-03-01 21:23:56,张三,谁能帮我review一下代码？
2025-03-08 04:26:56,赵六,我找到了一个更好的解决方案
2025-03-09 11:41:56,钱七,客户投诉系统响应太慢
2025-02-21 10:24:56,李四,我们需要更好的沟通
2025-03-14 20:38:56,钱七,这个bug很难修复，我需要帮助
2025-03-06 20:14:56,张三,代码质量需要提高
2025-03-06 16:54:56,李四,客户报告了一个严重的bug
2025-03-10 22:40:56,张三,这个bug很难修复，我需要帮助
2025-03-07 21:19:56,李四,客户希望增加一个新特性
2025-02-27 17:08:56,赵六,今天的任务已经完成
2025-03-17 00:27:56,钱七,这个bug很难修复，我需要帮助
2025-02-27 21:13:56,王五,产品路线图需要更新
2025-03-18 12:04:56,张三,我们的项目进度如何？
2025-03-11 13:39:56,张三,代码质量需要提高
2025-03-07 14:44:56,李四,我们需要重新考虑产品定位
2025-02-25 16:53:56,张三,我们可能需要延期交付
2025-02-21 21:48:56,王五,新的UI设计稿已经完成
2025-03-14 19:56:56,张三,我找到了一个更好的解决方案
2025-02-22 22:21:56,王五,客户希望增加一个新特性
2025-03-17 05:59:56,赵六,代码质量需要提高
2025-03-10 08:52:56,王五,下周二开会讨论项目进展
2025-02-28 13:11:56,王五,我们需要改进用户体验
2025-02-24 20:09:56,张三,今天的任务已经完成
2025-03-10 18:03:56,钱七,客户报告了一个严重的bug
2025-03-21 05:31:56,王五,客户希望增加一个新特性
2025-02-19 19:01:56,赵六,今天的任务已经完成
2025-02-19 22:26:56,赵六,用户调研结果显示我们需要简化流程
2025-03-20 06:55:56,钱七,我们需要加快进度，截止日期快到了
2025-02-24 07:10:56,王五,客户对新功能很满意
2025-03-06 13:46:56,张三,我们的项目进度如何？
2025-03-03 23:10:56,李四,客户对新功能很满意
2025-03-10 01:36:56,王五,产品路线图需要更新
2025-02-22 09:47:56,钱七,产品路线图需要更新
2025-03-09 06:08:56,钱七,这个bug很难修复，我需要帮助
2025-02-20 07:04:56,王五,我们应该使用哪个框架？
2025-03-14 10:41:56,钱七,产品路线图需要更新
2025-02-25 05:50:56,王五,我们需要加快进度，截止日期快到了
2025-02-24 15:07:56,钱七,我们可能需要延期交付
2025-03-16 04:58:56,王五,我找到了一个更好的解决方案
2025-03-19 10:03:56,张三,客户希望增加一个新特性
2025-02-22 13:53:56,张三,我们应该使用哪个框架？
2025-03-19 05:33:56,赵六,竞品分析报告已经发到邮箱
2025-02-27 11:54:56,张三,客户希望增加一个新特性
2025-02-22 10:24:56,钱七,模块3已经完成了60%
2025-03-13 13:51:56,王五,我在实现数据分析功能时遇到了问题
2025-03-06 20:26:56,钱七,我们可能需要延期交付
2025-02-28 04:47:56,张三,代码质量需要提高
2025-03-05 02:41:56,张三,竞品分析报告已经发到邮箱
2025-02-26 05:44:56,王五,我们需要改进用户体验
2025-03-15 13:09:56,张三,谁能帮我review一下代码？
2025-02-23 02:21:56,赵六,我找到了一个更好的解决方案
2025-03-11 00:04:56,王五,我们可能需要延期交付
2025-02-21 15:47:56,李四,我需要前端团队的支持
2025-03-19 13:33:56,王五,客户投诉系统响应太慢
2025-03-05 11:59:56,张三,客户希望增加一个新特性
2025-03-10 14:58:56,李四,用户调研结果显示我们需要简化流程
2025-03-08 11:44:56,张三,我们需要更好的沟通
2025-03-19 08:59:56,李四,我们需要加快进度，截止日期快到了
2025-03-10 15:08:56,张三,这个bug很难修复，我需要帮助
2025-02-21 07:55:56,张三,代码质量需要提高
2025-02-25 01:52:56,王五,客户希望增加一个新特性
2025-02-23 23:41:56,王五,产品路线图需要更新
2025-03-15 16:34:56,王五,我们的项目进度如何？
2025-03-08 14:55:56,张三,我们需要更好的沟通
2025-03-14 04:15:56,赵六,新的UI设计稿已经完成
2025-03-14 10:21:56,钱七,用户调研结果显示我们需要简化流程
2025-02-25 16:25:56,张三,模块2已经完成了96%
2025-03-13 15:30:56,钱七,今天的任务已经完成
2025-03-15 11:00:56,赵六,新的UI设计稿已经完成
2025-03-06 04:18:56,赵六,客户希望增加一个新特性
2025-02-25 05:35:56,钱七,新的UI设计稿已经完成
2025-03-05 11:10:56,李四,竞品分析报告已经发到邮箱
2025-03-11 20:46:56,李四,新的UI设计稿已经完成
2025-03-01 03:20:56,钱七,我需要前端团队的支持
2025-03-16 00:16:56,赵六,客户报告了一个严重的bug
2025-03-18 23:20:56,赵六,这个bug很难修复，我需要帮助
2025-03-21 01:15:56,钱七,今天的任务已经完成
2025-03-06 17:40:56,李四,用户调研结果显示我们需要简化流程
2025-03-18 03:01:56,赵六,我找到了一个更好的解决方案
2025-03-16 18:21:56,李四,今天的任务已经完成
2025-03-10 10:39:56,钱七,我们需要重新考虑产品定位
2025-02-20 03:11:56,王五,竞品分析报告已经发到邮箱
2025-02-26 16:25:56,李四,我们应该使用哪个框架？
2025-03-06 12:27:56,李四,客户对新功能很满意
2025-03-18 19:03:56,张三,我们可能需要延期交付
2025-02-28 15:34:56,王五,我们的项目进度如何？
2025-03-15 11:38:56,钱七,请大家及时更新任务状态
2025-03-12 16:48:56,李四,请大家及时更新任务状态
2025-03-16 21:09:56,李四,客户报告了一个严重的bug
2025-03-03 09:06:56,王五,我们的项目进度如何？
2025-03-13 11:50:56,李四,客户希望增加一个新特性
2025-02-21 15:24:56,赵六,我们需要重新考虑产品定位
2025-02-22 07:32:56,王五,请大家及时更新任务状态
2025-03-10 17:14:56,李四,客户投诉系统响应太慢
2025-02-24 04:51:56,李四,产品路线图需要更新
2025-02-26 11:51:56,张三,请大家及时更新任务状态
2025-02-25 14:08:56,王五,新的UI设计稿已经完成
2025-03-13 14:09:56,赵六,新的UI设计稿已经完成
2025-02-28 15:24:56,张三,我们应该使用哪个框架？
2025-03-07 09:16:56,赵六,代码质量需要提高
2025-03-14 10:42:56,张三,我们需要更好的沟通
2025-02-27 10:52:56,王五,我们应该使用哪个框架？
2025-02-23 18:07:56,张三,客户希望增加一个新特性
2025-03-14 22:46:56,李四,我们需要加快进度，截止日期快到了
2025-03-07 12:01:56,赵六,下周二开会讨论项目进展
2025-03-11 16:19:56,李四,我们的项目进度如何？
2025-03-08 23:00:56,张三,我找到了一个更好的解决方案
2025-02-25 08:21:56,王五,我们需要改进用户体验
2025-03-03 06:07:56,钱七,竞品分析报告已经发到邮箱
2025-03-09 12:01:56,王五,我们需要加快进度，截止日期快到了
2025-02-28 10:22:56,李四,我们的项目进度如何？
2025-02-21 17:12:56,赵六,请大家及时更新任务状态
2025-03-04 08:15:56,王五,我们需要重新考虑产品定位
2025-02-22 02:24:56,赵六,我需要前端团队的支持
2025-02-25 13:46:56,赵六,模块5已经完成了86%
2025-03-10 06:04:56,王五,我在实现注册功能时遇到了问题
2025-03-12 15:35:56,李四,客户投诉系统响应太慢
2025-02-19 14:33:56,王五,客户报告了一个严重的bug
2025-03-20 10:50:56,张三,这个bug很难修复，我需要帮助
2025-02-26 15:05:56,李四,我在实现报表功能时遇到了问题
2025-03-06 22:23:56,王五,我找到了一个更好的解决方案
2025-03-11 18:06:56,王五,谁能帮我review一下代码？
2025-02-26 22:22:56,张三,竞品分析报告已经发到邮箱
2025-03-12 22:42:56,张三,代码质量需要提高
2025-03-01 08:22:56,李四,这个bug很难修复，我需要帮助
2025-03-11 04:31:56,王五,我们可能需要延期交付
2025-02-26 17:25:56,李四,客户投诉系统响应太慢
2025-02-27 19:56:56,李四,我们需要加快进度，截止日期快到了
2025-03-18 15:52:56,王五,请大家及时更新任务状态
2025-02-23 02:25:56,张三,我在实现注册功能时遇到了问题
2025-03-04 09:42:56,钱七,我在实现支付功能时遇到了问题
2025-02-24 04:43:56,李四,代码质量需要提高
2025-03-08 08:26:56,张三,新的UI设计稿已经完成
2025-03-18 01:28:56,王五,请大家及时更新任务状态
2025-03-06 11:21:56,王五,模块3已经完成了55%
2025-03-06 15:30:56,赵六,我们需要重新考虑产品定位
2025-03-19 20:43:56,赵六,我们的项目进度如何？
2025-02-25 06:59:56,赵六,客户报告了一个严重的bug
2025-02-22 08:13:56,钱七,我们可能需要延期交付
2025-02-24 23:49:56,李四,客户报告了一个严重的bug
2025-02-23 00:29:56,赵六,模块2已经完成了85%
2025-03-01 01:23:56,张三,下周二开会讨论项目进展
2025-03-08 04:42:56,赵六,我们可能需要延期交付
2025-02-21 03:41:56,张三,我找到了一个更好的解决方案
2025-03-19 22:28:56,李四,下周二开会讨论项目进展
2025-02-28 19:02:56,钱七,我们应该使用哪个框架？
2025-02-26 20:55:56,赵六,今天的任务已经完成
2025-03-18 03:21:56,赵六,我在实现注册功能时遇到了问题
2025-02-25 12:16:56,李四,客户希望增加一个新特性
2025-03-10 15:46:56,张三,今天的任务已经完成
2025-03-13 19:34:56,张三,我们的项目进度如何？
2025-02-19 13:46:56,赵六,模块4已经完成了53%
2025-03-01 21:21:56,赵六,竞品分析报告已经发到邮箱
2025-03-10 22:37:56,张三,客户希望增加一个新特性
2025-03-01 10:42:56,李四,客户投诉系统响应太慢
2025-03-04 05:29:56,赵六,谁能帮我review一下代码？
2025-02-23 14:38:56,李四,新的UI设计稿已经完成
2025-03-01 11:16:56,赵六,我找到了一个更好的解决方案
2025-03-16 20:09:56,钱七,客户对新功能很满意
2025-03-17 03:35:56,赵六,谁能帮我review一下代码？
2025-03-04 16:38:56,李四,我们的项目进度如何？
2025-02-20 16:07:56,王五,用户调研结果显示我们需要简化流程
2025-02-24 02:40:56,李四,我们可能需要延期交付
2025-03-19 06:14:56,王五,我在实现报表功能时遇到了问题
2025-03-13 21:02:56,赵六,用户调研结果显示我们需要简化流程
2025-03-02 12:15:56,王五,我们应该使用哪个框架？
2025-03-16 19:10:56,王五,客户投诉系统响应太慢
2025-03-08 03:37:56,赵六,新的UI设计稿已经完成
2025-03-19 22:05:56,张三,客户报告了一个严重的bug
2025-03-17 06:14:56,李四,客户投诉系统响应太慢
2025-02-20 03:08:56,李四,客户报告了一个严重的bug
2025-03-19 17:56:56,李四,我找到了一个更好的解决方案
2025-03-02 07:50:56,李四,我们应该使用哪个框架？
2025-02-21 11:33:56,赵六,请大家及时更新任务状态
2025-03-17 10:45:56,赵六,请大家及时更新任务状态
2025-02-20 22:30:56,王五,我在实现登录功能时遇到了问题
2025-03-12 11:27:56,钱七,我在实现数据分析功能时遇到了问题
2025-03-10 12:53:56,张三,竞品分析报告已经发到邮箱
2025-03-15 22:49:56,钱七,这个bug很难修复，我需要帮助
2025-03-10 08:10:56,王五,新的UI设计稿已经完成
2025-03-17 09:27:56,赵六,今天的任务已经完成
2025-02-23 05:25:56,钱七,模块5已经完成了81%
2025-03-09 17:30:56,李四,我们需要改进用户体验
2025-03-04 05:22:56,张三,我们可能需要延期交付
2025-03-08 11:03:56,王五,我需要前端团队的支持
2025-03-15 20:39:56,张三,产品路线图需要更新
2025-02-21 22:06:56,李四,我找到了一个更好的解决方案
2025-03-17 14:28:56,李四,请大家及时更新任务状态
2025-03-17 20:01:56,张三,这个bug很难修复，我需要帮助
2025-03-11 17:52:56,钱七,我找到了一个更好的解决方案
2025-03-16 22:31:56,李四,产品路线图需要更新
2025-03-15 21:29:56,钱七,我们的项目进度如何？
2025-02-26 16:14:56,李四,我找到了一个更好的解决方案
2025-03-01 21:21:56,王五,今天的任务已经完成
2025-02-19 15:37:56,张三,这个bug很难修复，我需要帮助
2025-03-21 02:59:56,王五,客户投诉系统响应太慢
2025-02-25 17:21:56,钱七,这个bug很难修复，我需要帮助
2025-03-02 12:47:56,李四,客户对新功能很满意
2025-03-20 20:03:56,赵六,我们需要更好的沟通
2025-03-18 13:47:56,钱七,这个bug很难修复，我需要帮助
2025-02-25 04:24:56,王五,我需要前端团队的支持
2025-03-16 00:43:56,张三,模块5已经完成了57%
2025-03-03 01:32:56,王五,代码质量需要提高
2025-02-20 00:43:56,王五,我们需要重新考虑产品定位
2025-03-17 02:30:56,钱七,我们可能需要延期交付
2025-03-06 17:20:56,李四,这个bug很难修复，我需要帮助
2025-03-04 09:09:56,王五,谁能帮我review一下代码？
2025-03-11 00:33:56,李四,我们应该使用哪个框架？
2025-03-07 01:55:56,赵六,我们需要更好的沟通
2025-02-27 08:52:56,李四,我找到了一个更好的解决方案
2025-03-03 01:28:56,李四,客户报告了一个严重的bug
2025-03-17 13:17:56,王五,新的UI设计稿已经完成
2025-03-02 11:45:56,李四,我找到了一个更好的解决方案
2025-03-13 19:34:56,张三,请大家及时更新任务状态
2025-03-17 18:48:56,王五,我们需要重新考虑产品定位
2025-03-15 08:41:56,王五,谁能帮我review一下代码？
2025-03-03 05:52:56,王五,我们可能需要延期交付
2025-03-11 12:59:56,赵六,我在实现登录功能时遇到了问题
2025-02-28 09:55:56,李四,用户调研结果显示我们需要简化流程
2025-03-16 08:49:56,赵六,代码质量需要提高
2025-03-02 09:50:56,李四,我们需要更好的沟通
2025-02-22 21:34:56,张三,请大家及时更新任务状态
2025-03-20 16:47:56,王五,我们需要重新考虑产品定位
2025-02-21 10:34:56,张三,我们需要重新考虑产品定位
2025-03-14 20:32:56,赵六,我们需要改进用户体验
2025-03-13 03:26:56,王五,我们的项目进度如何？
2025-03-11 09:22:56,李四,产品路线图需要更新
2025-02-22 13:59:56,张三,客户报告了一个严重的bug
2025-02-20 15:08:56,李四,客户希望增加一个新特性
2025-03-15 09:43:56,王五,我们需要改进用户体验
2025-02-20 23:50:56,赵六,请大家及时更新任务状态
2025-02-27 00:58:56,李四,新的UI设计稿已经完成
2025-02-20 01:10:56,钱七,客户希望增加一个新特性
2025-03-11 09:53:56,钱七,我们应该使用哪个框架？
2025-03-04 23:44:56,王五,模块1已经完成了72%
2025-03-02 17:53:56,王五,代码质量需要提高
2025-03-10 09:32:56,赵六,客户报告了一个严重的bug
2025-03-01 07:13:56,赵六,产品路线图需要更新
2025-03-15 13:02:56,钱七,新的UI设计稿已经完成
2025-02-20 10:15:56,赵六,我们可能需要延期交付
2025-03-04 02:35:56,王五,谁能帮我review一下代码？
2025-03-12 14:20:56,张三,我们需要改进用户体验
2025-03-21 00:16:56,王五,我们需要重新考虑产品定位
2025-03-02 12:09:56,钱七,我们可能需要延期交付
2025-03-20 13:37:56,李四,产品路线图需要更新
2025-03-20 05:39:56,张三,我需要前端团队的支持
2025-03-06 17:19:56,张三,我们需要重新考虑产品定位
2025-03-11 14:07:56,李四,我们需要加快进度，截止日期快到了
2025-03-09 07:42:56,赵六,我在实现支付功能时遇到了问题
2025-03-20 02:07:56,钱七,用户调研结果显示我们需要简化流程
2025-02-26 13:23:56,李四,我们应该使用哪个框架？
2025-03-04 08:07:56,钱七,模块1已经完成了68%
2025-03-06 13:52:56,赵六,我们需要重新考虑产品定位
2025-02-20 05:01:56,王五,我们的项目进度如何？
2025-03-17 23:31:56,赵六,我们可能需要延期交付
2025-02-21 08:12:56,张三,产品路线图需要更新
2025-03-17 11:22:56,王五,我们需要更好的沟通
2025-03-10 10:24:56,王五,用户调研结果显示我们需要简化流程
2025-02-23 05:58:56,赵六,我们可能需要延期交付
2025-03-17 08:04:56,王五,我需要前端团队的支持
2025-03-17 18:52:56,钱七,客户希望增加一个新特性
2025-03-06 09:13:56,张三,我们需要加快进度，截止日期快到了
2025-02-27 00:52:56,张三,新的UI设计稿已经完成
2025-03-15 14:58:56,李四,我们需要加快进度，截止日期快到了
2025-02-19 19:18:56,张三,产品路线图需要更新
2025-03-13 12:03:56,赵六,我们可能需要延期交付
2025-03-10 15:50:56,李四,我在实现支付功能时遇到了问题
2025-02-24 05:19:56,王五,竞品分析报告已经发到邮箱
2025-03-16 17:42:56,王五,我找到了一个更好的解决方案
2025-03-20 02:18:56,赵六,客户希望增加一个新特性
2025-03-21 05:48:56,李四,客户报告了一个严重的bug
2025-03-10 22:29:56,李四,我们需要加快进度，截止日期快到了
2025-03-20 04:33:56,钱七,新的UI设计稿已经完成
2025-02-27 16:04:56,张三,产品路线图需要更新
2025-02-28 16:12:56,张三,下周二开会讨论项目进展
2025-02-23 04:17:56,赵六,客户对新功能很满意
2025-03-13 01:39:56,王五,竞品分析报告已经发到邮箱
2025-02-20 06:16:56,钱七,客户投诉系统响应太慢
